-- phpMyAdmin SQL Dump
-- version 5.2.1
-- https://www.phpmyadmin.net/
--
-- Máy chủ: 127.0.0.1
-- Thời gian đã tạo: Th4 10, 2025 lúc 05:14 AM
-- Phiên bản máy phục vụ: 10.4.32-MariaDB
-- Phiên bản PHP: 8.0.30

SET SQL_MODE = "NO_AUTO_VALUE_ON_ZERO";
START TRANSACTION;
SET time_zone = "+00:00";


/*!40101 SET @OLD_CHARACTER_SET_CLIENT=@@CHARACTER_SET_CLIENT */;
/*!40101 SET @OLD_CHARACTER_SET_RESULTS=@@CHARACTER_SET_RESULTS */;
/*!40101 SET @OLD_COLLATION_CONNECTION=@@COLLATION_CONNECTION */;
/*!40101 SET NAMES utf8mb4 */;

--
-- Cơ sở dữ liệu: `warehouse_db2`
--

-- --------------------------------------------------------

--
-- Cấu trúc bảng cho bảng `chitietnhap`
--

CREATE TABLE `chitietnhap` (
  `MaPN` int(11) NOT NULL,
  `MaSP` int(11) NOT NULL,
  `SoLuongNhap` int(11) NOT NULL,
  `GiaNhap` float NOT NULL COMMENT 'Đơn vị: VND',
  `ThanhTien` float GENERATED ALWAYS AS (`SoLuongNhap` * `GiaNhap`) STORED COMMENT 'Đơn vị: VND'
) ENGINE=InnoDB DEFAULT CHARSET=utf8mb4 COLLATE=utf8mb4_general_ci;

--
-- Đang đổ dữ liệu cho bảng `chitietnhap`
--

INSERT INTO `chitietnhap` (`MaPN`, `MaSP`, `SoLuongNhap`, `GiaNhap`) VALUES
(1, 1, 200, 120000),
(1, 2, 150, 250000),
(2, 3, 80, 600000),
(2, 4, 100, 300000),
(3, 5, 180, 180000),
(3, 6, 160, 150000),
(4, 7, 300, 90000),
(4, 8, 500, 25000),
(5, 9, 90, 350000),
(5, 10, 120, 280000),
(6, 11, 100, 320000),
(6, 12, 150, 200000),
(7, 1, 220, 120000),
(8, 3, 70, 600000),
(8, 5, 200, 180000),
(9, 2, 140, 250000),
(10, 7, 350, 90000),
(10, 8, 450, 25000),
(11, 4, 110, 300000),
(12, 6, 170, 150000),
(12, 10, 130, 280000),
(13, 9, 80, 350000),
(14, 11, 120, 320000),
(14, 12, 160, 200000),
(15, 1, 210, 120000),
(16, 3, 90, 600000),
(16, 5, 190, 180000),
(17, 2, 130, 250000),
(18, 7, 320, 90000),
(18, 8, 400, 25000),
(19, 4, 100, 300000),
(20, 6, 180, 150000),
(20, 9, 70, 350000),
(21, 10, 140, 280000),
(22, 1, 100, 120000),
(23, 3, 40, 600000),
(23, 5, 90, 180000),
(24, 2, 70, 250000),
(25, 7, 150, 90000),
(25, 8, 200, 25000),
(26, 4, 60, 300000),
(27, 6, 80, 150000),
(27, 9, 50, 350000),
(28, 10, 70, 280000),
(29, 11, 80, 320000),
(29, 12, 90, 200000),
(30, 1, 110, 120000),
(31, 3, 30, 600000),
(32, 2, 60, 250000),
(32, 5, 100, 180000),
(33, 7, 180, 90000),
(34, 4, 50, 300000),
(34, 8, 220, 25000),
(35, 6, 90, 150000),
(36, 9, 40, 350000),
(36, 10, 60, 280000),
(37, 11, 70, 320000),
(38, 1, 120, 120000),
(38, 12, 100, 200000),
(39, 3, 50, 600000),
(40, 2, 70, 250000),
(40, 5, 80, 180000),
(41, 7, 160, 90000),
(42, 8, 200, 25000),
(43, 4, 60, 300000),
(44, 6, 80, 150000),
(45, 1, 80, 120000),
(46, 3, 30, 600000),
(47, 2, 50, 250000),
(47, 5, 60, 180000),
(48, 7, 120, 90000),
(49, 8, 150, 25000),
(50, 4, 40, 300000),
(51, 6, 70, 150000),
(52, 9, 30, 350000),
(53, 10, 50, 280000),
(54, 11, 60, 320000),
(55, 12, 80, 200000),
(56, 1, 90, 120000),
(57, 3, 20, 600000),
(58, 5, 50, 180000),
(59, 2, 40, 250000),
(60, 7, 100, 90000),
(61, 8, 130, 25000),
(62, 4, 30, 300000),
(63, 6, 60, 150000),
(64, 9, 20, 350000),
(65, 10, 40, 280000),
(66, 11, 50, 320000),
(67, 12, 70, 200000),
(68, 1, 80, 120000),
(69, 3, 30, 600000),
(70, 5, 60, 180000),
(71, 2, 50, 250000),
(72, 7, 110, 90000),
(73, 8, 140, 25000),
(74, 1, 60, 120000),
(75, 3, 20, 600000),
(76, 5, 40, 180000),
(77, 2, 30, 250000),
(78, 7, 80, 90000),
(79, 8, 100, 25000),
(80, 4, 20, 300000),
(81, 6, 50, 150000),
(82, 9, 10, 350000),
(83, 10, 30, 280000),
(84, 11, 40, 320000),
(85, 12, 60, 200000),
(86, 1, 70, 120000),
(87, 3, 10, 600000),
(88, 5, 30, 180000),
(89, 2, 20, 250000),
(90, 7, 90, 90000),
(91, 8, 110, 25000),
(92, 4, 30, 300000),
(93, 6, 40, 150000),
(94, 9, 20, 350000),
(95, 10, 50, 280000),
(96, 11, 30, 320000),
(97, 12, 50, 200000),
(98, 1, 60, 120000),
(99, 3, 20, 600000),
(100, 5, 40, 180000),
(101, 2, 30, 250000),
(111, 7, 50, 90000),
(112, 8, 70, 25000),
(113, 4, 30, 300000),
(114, 1, 180, 120000),
(114, 2, 140, 250000),
(115, 3, 70, 600000),
(115, 4, 90, 300000),
(116, 5, 160, 180000),
(116, 6, 150, 150000),
(117, 7, 280, 90000),
(117, 8, 450, 25000),
(118, 9, 80, 350000),
(119, 10, 110, 280000),
(120, 11, 90, 320000),
(120, 12, 140, 200000),
(121, 1, 200, 120000),
(122, 3, 60, 600000),
(123, 5, 180, 180000),
(124, 2, 130, 250000),
(125, 7, 300, 90000),
(126, 8, 400, 25000),
(127, 4, 100, 300000),
(128, 6, 160, 150000),
(129, 9, 70, 350000),
(130, 10, 120, 280000),
(131, 11, 100, 320000),
(132, 12, 150, 200000),
(133, 1, 190, 120000),
(134, 3, 80, 600000),
(135, 5, 170, 180000),
(136, 2, 120, 250000),
(137, 7, 270, 90000),
(138, 8, 380, 25000),
(139, 4, 90, 300000),
(140, 6, 140, 150000),
(141, 1, 90, 120000),
(142, 3, 40, 600000),
(143, 5, 80, 180000),
(144, 2, 60, 250000),
(145, 7, 140, 90000),
(146, 8, 180, 25000),
(147, 4, 50, 300000),
(148, 6, 70, 150000),
(149, 9, 40, 350000),
(150, 10, 60, 280000),
(151, 11, 70, 320000),
(152, 12, 80, 200000),
(153, 1, 100, 120000),
(154, 3, 30, 600000),
(155, 5, 90, 180000),
(156, 2, 50, 250000),
(157, 7, 160, 90000),
(158, 8, 200, 25000),
(159, 4, 40, 300000),
(160, 6, 80, 150000),
(161, 9, 30, 350000),
(162, 10, 50, 280000),
(163, 11, 60, 320000),
(164, 12, 90, 200000),
(165, 1, 110, 120000),
(166, 3, 40, 600000),
(167, 5, 80, 180000),
(168, 2, 60, 250000),
(169, 7, 150, 90000),
(170, 8, 190, 25000),
(171, 1, 70, 120000),
(172, 3, 20, 600000),
(173, 5, 50, 180000),
(174, 2, 40, 250000),
(175, 7, 100, 90000),
(176, 8, 130, 25000),
(177, 4, 30, 300000),
(178, 6, 60, 150000),
(179, 9, 20, 350000),
(180, 10, 40, 280000),
(181, 11, 50, 320000),
(182, 12, 70, 200000),
(183, 1, 80, 120000),
(184, 3, 30, 600000),
(185, 5, 60, 180000),
(186, 2, 40, 250000),
(187, 7, 110, 90000),
(188, 8, 140, 25000),
(189, 4, 20, 300000),
(190, 6, 50, 150000),
(191, 9, 30, 350000),
(192, 10, 40, 280000),
(193, 11, 60, 320000),
(194, 12, 80, 200000),
(195, 1, 90, 120000),
(196, 3, 20, 600000),
(197, 5, 50, 180000),
(198, 2, 40, 250000),
(199, 7, 100, 90000),
(200, 8, 130, 25000),
(201, 4, 30, 300000),
(202, 1, 50, 120000),
(203, 3, 10, 600000),
(204, 5, 30, 180000),
(205, 2, 20, 250000),
(206, 7, 80, 90000),
(207, 8, 100, 25000),
(208, 4, 20, 300000),
(209, 6, 40, 150000),
(210, 9, 10, 350000),
(211, 10, 30, 280000),
(212, 11, 40, 320000),
(213, 12, 50, 200000),
(214, 1, 60, 120000),
(215, 3, 20, 600000),
(216, 5, 40, 180000),
(217, 2, 30, 250000),
(218, 7, 90, 90000),
(219, 8, 110, 25000),
(220, 4, 20, 300000),
(221, 6, 50, 150000),
(222, 9, 20, 350000),
(223, 10, 40, 280000),
(224, 11, 30, 320000),
(225, 12, 50, 200000),
(226, 1, 60, 120000),
(227, 3, 20, 600000),
(228, 5, 40, 180000),
(229, 2, 30, 250000),
(230, 7, 80, 90000),
(231, 8, 100, 25000),
(232, 4, 20, 300000),
(233, 6, 40, 150000),
(234, 9, 10, 350000),
(235, 10, 30, 280000),
(236, 1, 200, 120000),
(236, 2, 150, 250000),
(237, 3, 80, 600000),
(237, 4, 100, 300000),
(238, 5, 180, 180000),
(238, 6, 160, 150000),
(239, 7, 300, 90000),
(239, 8, 500, 25000),
(240, 9, 90, 350000),
(241, 10, 120, 280000),
(242, 11, 100, 320000),
(242, 12, 150, 200000),
(243, 1, 220, 120000),
(244, 3, 70, 600000),
(245, 5, 200, 180000),
(246, 2, 140, 250000),
(247, 7, 350, 90000),
(248, 8, 450, 25000),
(249, 4, 110, 300000),
(250, 6, 170, 150000),
(251, 9, 80, 350000),
(252, 10, 130, 280000),
(253, 11, 120, 320000),
(254, 12, 160, 200000),
(255, 1, 210, 120000),
(256, 3, 90, 600000),
(257, 5, 190, 180000),
(258, 2, 130, 250000),
(259, 7, 320, 90000),
(260, 8, 400, 25000),
(261, 4, 100, 300000),
(262, 6, 180, 150000),
(263, 1, 100, 120000),
(264, 3, 40, 600000),
(265, 5, 90, 180000),
(266, 2, 70, 250000),
(267, 7, 150, 90000),
(268, 8, 200, 25000),
(269, 4, 60, 300000),
(270, 6, 80, 150000),
(271, 9, 50, 350000),
(272, 10, 70, 280000),
(273, 11, 80, 320000),
(274, 12, 90, 200000),
(275, 1, 110, 120000),
(276, 3, 30, 600000),
(277, 5, 100, 180000),
(278, 2, 60, 250000),
(279, 7, 180, 90000),
(280, 8, 220, 25000),
(281, 4, 50, 300000),
(282, 6, 90, 150000),
(283, 9, 40, 350000),
(284, 10, 60, 280000),
(285, 11, 70, 320000),
(286, 12, 100, 200000),
(287, 1, 120, 120000),
(288, 3, 50, 600000),
(289, 5, 80, 180000),
(290, 2, 70, 250000),
(291, 7, 160, 90000),
(292, 8, 200, 25000),
(293, 4, 60, 300000),
(294, 1, 80, 120000),
(295, 3, 30, 600000),
(296, 5, 60, 180000),
(297, 2, 50, 250000),
(298, 7, 120, 90000),
(299, 8, 150, 25000),
(300, 4, 40, 300000),
(301, 6, 70, 150000),
(302, 9, 30, 350000),
(303, 10, 50, 280000),
(304, 11, 60, 320000),
(305, 12, 80, 200000),
(306, 1, 90, 120000),
(307, 3, 20, 600000),
(308, 5, 50, 180000),
(309, 2, 40, 250000),
(310, 7, 100, 90000),
(311, 8, 130, 25000),
(312, 4, 30, 300000),
(313, 6, 60, 150000),
(314, 9, 20, 350000),
(315, 10, 40, 280000),
(316, 11, 50, 320000),
(317, 12, 70, 200000),
(318, 1, 80, 120000),
(319, 3, 30, 600000),
(320, 5, 60, 180000),
(321, 2, 50, 250000),
(322, 1, 60, 120000),
(323, 3, 20, 600000),
(324, 5, 40, 180000),
(325, 2, 30, 250000),
(326, 7, 80, 90000),
(327, 8, 100, 25000),
(328, 4, 20, 300000),
(329, 6, 50, 150000),
(330, 9, 10, 350000),
(331, 10, 30, 280000),
(332, 11, 40, 320000),
(333, 12, 50, 200000),
(334, 1, 60, 120000),
(335, 3, 20, 600000),
(336, 5, 40, 180000),
(337, 2, 30, 250000),
(338, 7, 80, 90000),
(339, 8, 100, 25000),
(340, 4, 20, 300000),
(341, 6, 50, 150000),
(342, 9, 10, 350000),
(343, 10, 30, 280000),
(344, 11, 40, 320000),
(345, 12, 50, 200000),
(346, 1, 60, 120000),
(347, 3, 20, 600000),
(348, 5, 40, 180000),
(349, 2, 30, 250000),
(350, 7, 80, 90000),
(351, 8, 100, 25000),
(352, 4, 20, 300000),
(353, 6, 50, 150000),
(354, 9, 10, 350000),
(355, 10, 30, 280000),
(356, 11, 40, 320000),
(357, 1, 200, 120000),
(357, 2, 150, 250000),
(358, 3, 80, 600000),
(358, 4, 100, 300000),
(359, 5, 180, 180000),
(359, 6, 160, 150000),
(360, 7, 300, 90000),
(360, 8, 500, 25000),
(361, 9, 90, 350000),
(362, 10, 120, 280000),
(363, 11, 100, 320000),
(363, 12, 150, 200000),
(364, 1, 220, 120000),
(365, 3, 70, 600000),
(366, 5, 200, 180000),
(367, 10, 100, 0),
(367, 11, 20, 0),
(368, 3, 5, 0),
(368, 9, 10, 0);

-- --------------------------------------------------------

--
-- Cấu trúc bảng cho bảng `chitietxuat`
--

CREATE TABLE `chitietxuat` (
  `MaPX` int(11) NOT NULL,
  `MaSP` int(11) NOT NULL,
  `DonGia` decimal(18,4) NOT NULL COMMENT 'Đơn vị: VND',
  `SoLuongXuat` int(11) NOT NULL,
  `ThanhTien` decimal(18,4) GENERATED ALWAYS AS (`SoLuongXuat` * `DonGia`) STORED COMMENT 'Đơn vị: VND'
) ENGINE=InnoDB DEFAULT CHARSET=utf8mb4 COLLATE=utf8mb4_general_ci;

--
-- Đang đổ dữ liệu cho bảng `chitietxuat`
--

INSERT INTO `chitietxuat` (`MaPX`, `MaSP`, `DonGia`, `SoLuongXuat`) VALUES
(1, 1, 180000.0000, 80),
(1, 2, 350000.0000, 60),
(2, 3, 850000.0000, 30),
(2, 4, 450000.0000, 40),
(3, 5, 260000.0000, 70),
(3, 6, 220000.0000, 60),
(4, 7, 140000.0000, 120),
(4, 8, 40000.0000, 200),
(5, 9, 500000.0000, 30),
(5, 10, 400000.0000, 50),
(6, 11, 450000.0000, 40),
(6, 12, 300000.0000, 60),
(7, 1, 180000.0000, 90),
(8, 3, 850000.0000, 25),
(8, 5, 260000.0000, 80),
(9, 2, 350000.0000, 50),
(10, 7, 140000.0000, 140),
(10, 8, 40000.0000, 180),
(11, 4, 450000.0000, 40),
(12, 6, 220000.0000, 70),
(12, 10, 400000.0000, 50),
(13, 9, 500000.0000, 30),
(14, 11, 450000.0000, 39),
(14, 12, 300000.0000, 60),
(15, 1, 180000.0000, 80),
(16, 3, 850000.0000, 30),
(17, 5, 260000.0000, 70),
(18, 2, 350000.0000, 50),
(19, 7, 140000.0000, 130),
(20, 8, 40000.0000, 190),
(21, 1, 180000.0000, 90),
(22, 3, 850000.0000, 30),
(22, 5, 260000.0000, 80),
(23, 2, 350000.0000, 60),
(24, 7, 140000.0000, 140),
(24, 8, 40000.0000, 180),
(25, 4, 450000.0000, 50),
(26, 6, 220000.0000, 70),
(26, 9, 500000.0000, 40),
(27, 10, 400000.0000, 60),
(28, 11, 450000.0000, 70),
(28, 12, 300000.0000, 80),
(29, 1, 180000.0000, 100),
(30, 3, 850000.0000, 20),
(31, 2, 350000.0000, 50),
(31, 5, 260000.0000, 90),
(32, 7, 140000.0000, 160),
(33, 8, 40000.0000, 200),
(34, 4, 450000.0000, 40),
(35, 6, 220000.0000, 80),
(36, 9, 500000.0000, 30),
(37, 10, 400000.0000, 50),
(38, 11, 450000.0000, 60),
(39, 12, 300000.0000, 90),
(40, 1, 180000.0000, 110),
(41, 3, 850000.0000, 30),
(42, 5, 260000.0000, 70),
(43, 2, 350000.0000, 60),
(44, 7, 140000.0000, 150),
(45, 8, 40000.0000, 190),
(46, 4, 450000.0000, 50),
(47, 6, 220000.0000, 70),
(48, 1, 180000.0000, 120),
(49, 3, 850000.0000, 40),
(50, 2, 350000.0000, 80),
(50, 5, 260000.0000, 100),
(51, 7, 140000.0000, 200),
(52, 8, 40000.0000, 250),
(53, 4, 450000.0000, 60),
(54, 6, 220000.0000, 90),
(55, 9, 500000.0000, 50),
(56, 10, 400000.0000, 70),
(57, 11, 450000.0000, 80),
(58, 12, 300000.0000, 100),
(59, 1, 180000.0000, 130),
(60, 3, 850000.0000, 30),
(61, 5, 260000.0000, 110),
(62, 2, 350000.0000, 70),
(63, 7, 140000.0000, 180),
(64, 8, 40000.0000, 230),
(65, 4, 450000.0000, 50),
(66, 6, 220000.0000, 100),
(67, 9, 500000.0000, 40),
(68, 10, 400000.0000, 60),
(69, 11, 450000.0000, 90),
(70, 12, 300000.0000, 110),
(71, 1, 180000.0000, 140),
(72, 3, 850000.0000, 40),
(73, 5, 260000.0000, 100),
(74, 2, 350000.0000, 80),
(75, 7, 140000.0000, 190),
(76, 8, 40000.0000, 240),
(77, 4, 450000.0000, 60),
(78, 6, 220000.0000, 90),
(79, 1, 180000.0000, 130),
(80, 3, 850000.0000, 40),
(81, 5, 260000.0000, 110),
(82, 2, 350000.0000, 90),
(83, 7, 140000.0000, 200),
(84, 8, 40000.0000, 250),
(85, 4, 450000.0000, 60),
(86, 6, 220000.0000, 100),
(87, 9, 500000.0000, 50),
(88, 10, 400000.0000, 80),
(89, 11, 450000.0000, 90),
(90, 12, 300000.0000, 120),
(91, 1, 180000.0000, 140),
(92, 3, 850000.0000, 30),
(93, 5, 260000.0000, 100),
(94, 2, 350000.0000, 80),
(95, 7, 140000.0000, 180),
(96, 8, 40000.0000, 230),
(97, 4, 450000.0000, 50),
(98, 6, 220000.0000, 90),
(99, 9, 500000.0000, 40),
(100, 10, 400000.0000, 70),
(101, 11, 450000.0000, 80),
(102, 12, 300000.0000, 110),
(103, 1, 180000.0000, 130),
(104, 3, 850000.0000, 40),
(105, 5, 260000.0000, 100),
(106, 2, 350000.0000, 70),
(111, 7, 140000.0000, 100),
(112, 8, 40000.0000, 120),
(113, 4, 450000.0000, 80),
(114, 1, 180000.0000, 80),
(115, 3, 850000.0000, 30),
(116, 5, 260000.0000, 70),
(117, 2, 350000.0000, 50),
(118, 7, 140000.0000, 130),
(119, 8, 40000.0000, 190),
(120, 4, 450000.0000, 40),
(121, 6, 220000.0000, 60),
(122, 9, 500000.0000, 30),
(123, 10, 400000.0000, 50),
(124, 11, 450000.0000, 40),
(125, 12, 300000.0000, 60),
(126, 1, 180000.0000, 90),
(127, 3, 850000.0000, 20),
(128, 5, 260000.0000, 80),
(129, 2, 350000.0000, 40),
(130, 7, 140000.0000, 120),
(131, 8, 40000.0000, 180),
(132, 4, 450000.0000, 30),
(133, 6, 220000.0000, 70),
(134, 9, 500000.0000, 20),
(135, 10, 400000.0000, 40),
(136, 11, 450000.0000, 50),
(137, 12, 300000.0000, 60),
(138, 1, 180000.0000, 80),
(139, 3, 850000.0000, 30),
(140, 5, 260000.0000, 70),
(141, 2, 350000.0000, 50),
(142, 7, 140000.0000, 110),
(143, 8, 40000.0000, 170),
(144, 1, 180000.0000, 80),
(145, 3, 850000.0000, 30),
(146, 5, 260000.0000, 70),
(147, 2, 350000.0000, 50),
(148, 7, 140000.0000, 130),
(149, 8, 40000.0000, 180),
(150, 4, 450000.0000, 40),
(151, 6, 220000.0000, 60),
(152, 9, 500000.0000, 30),
(153, 10, 400000.0000, 50),
(154, 11, 450000.0000, 40),
(155, 12, 300000.0000, 70),
(156, 1, 180000.0000, 90),
(157, 3, 850000.0000, 20),
(158, 5, 260000.0000, 80),
(159, 2, 350000.0000, 40),
(160, 7, 140000.0000, 140),
(161, 8, 40000.0000, 190),
(162, 4, 450000.0000, 30),
(163, 6, 220000.0000, 70),
(164, 9, 500000.0000, 20),
(165, 10, 400000.0000, 40),
(166, 11, 450000.0000, 50),
(167, 12, 300000.0000, 60),
(168, 1, 180000.0000, 100),
(169, 3, 850000.0000, 30),
(170, 5, 260000.0000, 80),
(171, 2, 350000.0000, 50),
(172, 7, 140000.0000, 150),
(173, 8, 40000.0000, 200),
(174, 1, 180000.0000, 120),
(175, 3, 850000.0000, 40),
(176, 5, 260000.0000, 100),
(177, 2, 350000.0000, 80),
(178, 7, 140000.0000, 200),
(179, 8, 40000.0000, 250),
(180, 4, 450000.0000, 60),
(181, 6, 220000.0000, 90),
(182, 9, 500000.0000, 50),
(183, 10, 400000.0000, 70),
(184, 11, 450000.0000, 80),
(185, 12, 300000.0000, 100),
(186, 1, 180000.0000, 130),
(187, 3, 850000.0000, 30),
(188, 5, 260000.0000, 110),
(189, 2, 350000.0000, 70),
(190, 7, 140000.0000, 180),
(191, 8, 40000.0000, 230),
(192, 4, 450000.0000, 50),
(193, 6, 220000.0000, 100),
(194, 9, 500000.0000, 40),
(195, 10, 400000.0000, 60),
(196, 11, 450000.0000, 90),
(197, 12, 300000.0000, 110),
(198, 1, 180000.0000, 140),
(199, 3, 850000.0000, 40),
(200, 5, 260000.0000, 100),
(201, 2, 350000.0000, 80),
(202, 7, 140000.0000, 190),
(203, 8, 40000.0000, 240),
(204, 4, 450000.0000, 60),
(205, 6, 220000.0000, 90),
(206, 1, 180000.0000, 110),
(207, 3, 850000.0000, 40),
(208, 5, 260000.0000, 90),
(209, 2, 350000.0000, 70),
(210, 7, 140000.0000, 180),
(211, 8, 40000.0000, 230),
(212, 4, 450000.0000, 50),
(213, 6, 220000.0000, 80),
(214, 9, 500000.0000, 40),
(215, 10, 400000.0000, 60),
(216, 11, 450000.0000, 70),
(217, 12, 300000.0000, 100),
(218, 1, 180000.0000, 120),
(219, 3, 850000.0000, 30),
(220, 5, 260000.0000, 100),
(221, 2, 350000.0000, 60),
(222, 7, 140000.0000, 170),
(223, 8, 40000.0000, 220),
(224, 4, 450000.0000, 40),
(225, 6, 220000.0000, 90),
(226, 9, 500000.0000, 30),
(227, 10, 400000.0000, 50),
(228, 11, 450000.0000, 80),
(229, 12, 300000.0000, 110),
(230, 1, 180000.0000, 130),
(231, 3, 850000.0000, 40),
(232, 5, 260000.0000, 90),
(233, 2, 350000.0000, 70),
(234, 7, 140000.0000, 190),
(235, 8, 40000.0000, 240),
(236, 1, 180000.0000, 80),
(237, 3, 850000.0000, 30),
(238, 5, 260000.0000, 70),
(239, 2, 350000.0000, 50),
(240, 7, 140000.0000, 130),
(241, 8, 40000.0000, 190),
(242, 4, 450000.0000, 40),
(243, 6, 220000.0000, 60),
(244, 9, 500000.0000, 30),
(245, 10, 400000.0000, 50),
(246, 11, 450000.0000, 40),
(247, 12, 300000.0000, 60),
(248, 1, 180000.0000, 90),
(249, 3, 850000.0000, 20),
(250, 5, 260000.0000, 80),
(251, 2, 350000.0000, 40),
(252, 7, 140000.0000, 120),
(253, 8, 40000.0000, 180),
(254, 4, 450000.0000, 30),
(255, 6, 220000.0000, 70),
(256, 9, 500000.0000, 20),
(257, 10, 400000.0000, 40),
(258, 11, 450000.0000, 50),
(259, 12, 300000.0000, 60),
(260, 1, 180000.0000, 80),
(261, 3, 850000.0000, 30),
(262, 5, 260000.0000, 70),
(263, 2, 350000.0000, 50),
(264, 7, 140000.0000, 110),
(265, 8, 40000.0000, 170),
(266, 4, 450000.0000, 40),
(267, 1, 180000.0000, 90),
(268, 3, 850000.0000, 30),
(269, 5, 260000.0000, 80),
(270, 2, 350000.0000, 60),
(271, 7, 140000.0000, 140),
(272, 8, 40000.0000, 180),
(273, 4, 450000.0000, 50),
(274, 6, 220000.0000, 70),
(275, 9, 500000.0000, 40),
(276, 10, 400000.0000, 60),
(277, 11, 450000.0000, 70),
(278, 12, 300000.0000, 80),
(279, 1, 180000.0000, 100),
(280, 3, 850000.0000, 20),
(281, 5, 260000.0000, 90),
(282, 2, 350000.0000, 50),
(283, 7, 140000.0000, 160),
(284, 8, 40000.0000, 200),
(285, 4, 450000.0000, 40),
(286, 6, 220000.0000, 80),
(287, 9, 500000.0000, 30),
(288, 10, 400000.0000, 50),
(289, 11, 450000.0000, 60),
(290, 12, 300000.0000, 90),
(291, 1, 180000.0000, 110),
(292, 3, 850000.0000, 30),
(293, 5, 260000.0000, 70),
(294, 2, 350000.0000, 60),
(295, 7, 140000.0000, 150),
(296, 8, 40000.0000, 190),
(297, 4, 450000.0000, 50),
(298, 1, 180000.0000, 120),
(299, 3, 850000.0000, 40),
(300, 5, 260000.0000, 100),
(301, 2, 350000.0000, 80),
(302, 7, 140000.0000, 200),
(303, 8, 40000.0000, 250),
(304, 4, 450000.0000, 60),
(305, 6, 220000.0000, 90),
(306, 9, 500000.0000, 50),
(307, 10, 400000.0000, 70),
(308, 11, 450000.0000, 80),
(309, 12, 300000.0000, 100),
(310, 1, 180000.0000, 130),
(311, 3, 850000.0000, 30),
(312, 5, 260000.0000, 110),
(313, 2, 350000.0000, 70),
(314, 7, 140000.0000, 180),
(315, 8, 40000.0000, 230),
(316, 4, 450000.0000, 50),
(317, 6, 220000.0000, 100),
(318, 9, 500000.0000, 40),
(319, 10, 400000.0000, 60),
(320, 11, 450000.0000, 90),
(321, 12, 300000.0000, 110),
(322, 1, 180000.0000, 140),
(323, 3, 850000.0000, 40),
(324, 5, 260000.0000, 100),
(325, 2, 350000.0000, 80),
(326, 1, 180000.0000, 130),
(327, 3, 850000.0000, 40),
(328, 5, 260000.0000, 110),
(329, 2, 350000.0000, 90),
(330, 7, 140000.0000, 200),
(331, 8, 40000.0000, 250),
(332, 4, 450000.0000, 60),
(333, 6, 220000.0000, 100),
(334, 9, 500000.0000, 50),
(335, 10, 400000.0000, 60),
(336, 11, 450000.0000, 70),
(337, 12, 300000.0000, 100),
(338, 1, 180000.0000, 130),
(339, 3, 850000.0000, 40),
(340, 5, 260000.0000, 110),
(341, 2, 350000.0000, 90),
(342, 7, 140000.0000, 200),
(343, 8, 40000.0000, 250),
(344, 4, 450000.0000, 60),
(345, 6, 220000.0000, 100),
(346, 9, 500000.0000, 50),
(347, 10, 400000.0000, 60),
(348, 11, 450000.0000, 70),
(349, 12, 300000.0000, 100),
(350, 1, 180000.0000, 130),
(351, 3, 850000.0000, 40),
(352, 5, 260000.0000, 110),
(353, 2, 350000.0000, 90),
(354, 7, 140000.0000, 200),
(355, 8, 40000.0000, 250),
(356, 4, 450000.0000, 60),
(357, 1, 180000.0000, 80),
(358, 3, 850000.0000, 30),
(359, 5, 260000.0000, 70),
(360, 2, 350000.0000, 50),
(361, 7, 140000.0000, 130),
(362, 8, 40000.0000, 190),
(363, 4, 450000.0000, 40),
(364, 6, 220000.0000, 60),
(365, 9, 500000.0000, 30),
(366, 10, 400000.0000, 50);

-- --------------------------------------------------------

--
-- Cấu trúc bảng cho bảng `cuahang`
--

CREATE TABLE `cuahang` (
  `MaCH` varchar(8) NOT NULL,
  `TenCH` varchar(255) NOT NULL,
  `DiaChi` varchar(255) NOT NULL,
  `SoDienThoai` varchar(20) NOT NULL,
  `Email` varchar(100) DEFAULT NULL,
  `UserID` varchar(8) DEFAULT NULL
) ENGINE=InnoDB DEFAULT CHARSET=utf8mb4 COLLATE=utf8mb4_general_ci;

--
-- Đang đổ dữ liệu cho bảng `cuahang`
--

INSERT INTO `cuahang` (`MaCH`, `TenCH`, `DiaChi`, `SoDienThoai`, `Email`, `UserID`) VALUES
('CH001', 'Nguyễn Văn X', 'Hà Nội', '0901122334', 'x@gmail.com', 'USER6'),
('CH002', 'Trần Thị Y', 'Hải Phòng', '0902233445', 'y@gmail.com', 'USER13'),
('CH003', 'Lê Văn Z', 'Đà Nẵng', '0913344556', 'z@gmail.com', 'USER14'),
('CH004', 'Hoàng Anh K', 'TP HCM', '0924455667', 'k@gmail.com', 'USER15'),
('CH005', 'Nguyễn Hùng M', 'Cần Thơ', '0935566778', 'm@gmail.com', 'USER16'),
('CH006', 'Nguyễn Văn X', 'Hà Nội', '0901122334', 'x@gmail.com', 'USER17'),
('CH007', 'Trần Thị Y', 'Hải Phòng', '0902233445', 'y@gmail.com', 'USER18'),
('CH008', 'Lê Văn Z', 'Đà Nẵng', '0913344556', 'z@gmail.com', 'USER19'),
('CH009', 'Hoàng Anh K', 'TP HCM', '0924455667', 'k@gmail.com', 'USER20'),
('CH010', 'Nguyễn Hùng M', 'Cần Thơ', '0935566778', 'm@gmail.com', 'USER21'),
('CH011', 'KriK', 'Hà Nội', '0123456789', 'p@gmail.com', 'USER7');

-- --------------------------------------------------------

--
-- Cấu trúc bảng cho bảng `ncc`
--

CREATE TABLE `ncc` (
  `MaNCC` int(11) NOT NULL,
  `TenNCC` varchar(255) NOT NULL,
  `DiaChi` varchar(255) DEFAULT NULL,
  `SoDienThoai` varchar(15) DEFAULT NULL
) ENGINE=InnoDB DEFAULT CHARSET=utf8mb4 COLLATE=utf8mb4_general_ci;

--
-- Đang đổ dữ liệu cho bảng `ncc`
--

INSERT INTO `ncc` (`MaNCC`, `TenNCC`, `DiaChi`, `SoDienThoai`) VALUES
(1, 'Công ty ABC', 'Hà Nội', '0901122334'),
(2, 'Công ty XYZ', 'Hải Phòng', '0902233445'),
(3, 'Công ty DEF', 'Đà Nẵng', '0913344556'),
(4, 'Công ty LMN', 'TP HCM', '0924455667');

-- --------------------------------------------------------

--
-- Cấu trúc bảng cho bảng `nhanvien`
--

CREATE TABLE `nhanvien` (
  `MaNV` int(11) NOT NULL,
  `HoTen` varchar(255) NOT NULL,
  `SoDienThoai` varchar(15) DEFAULT NULL,
  `UserID` varchar(8) DEFAULT NULL,
  `ChucVu` enum('Quản lý','Nhân viên','Cửa Hàng') DEFAULT NULL
) ENGINE=InnoDB DEFAULT CHARSET=utf8mb4 COLLATE=utf8mb4_general_ci;

--
-- Đang đổ dữ liệu cho bảng `nhanvien`
--

INSERT INTO `nhanvien` (`MaNV`, `HoTen`, `SoDienThoai`, `UserID`, `ChucVu`) VALUES
(1, 'Nguyễn Văn A', '0987654321', 'USER0', 'Quản lý'),
(2, 'Bùi Văn G', '0933344434', 'USER1', 'Nhân viên'),
(3, 'Đỗ Thị L', '0966677889', 'USER2', 'Nhân viên'),
(4, 'Phạm Thị D', '0901234567', 'USER3', 'Nhân viên'),
(5, 'Nguyễn Đức Trường', '0912091766', 'USER4', 'Nhân viên'),
(6, 'Đỗ Thị Linh', '0912091766', 'USER5', 'Nhân viên'),
(7, 'Nguyễn Tấn Fat', '0817288868', 'USER8', 'Nhân viên'),
(8, 'Nguyễn Văn Đ', '0345216789', '345', 'Nhân viên'),
(9, 'Hoàng Cát Tường', '0123789654', '123', 'Nhân viên'),
(10, 'Trịnh Diệu L', '0912091877', '232', 'Nhân viên'),
(11, 'Nguyễn Tấn Phát', '0912091788', 'USER12', 'Nhân viên');

-- --------------------------------------------------------

--
-- Cấu trúc bảng cho bảng `nhap`
--

CREATE TABLE `nhap` (
  `MaPN` int(11) NOT NULL,
  `MaNCC` int(11) DEFAULT NULL,
  `NgayNhap` date NOT NULL,
  `MaNV` int(11) DEFAULT NULL,
  `TrangThai` enum('confirmed','deny','pending') DEFAULT 'pending'
) ENGINE=InnoDB DEFAULT CHARSET=utf8mb4 COLLATE=utf8mb4_general_ci;

--
-- Đang đổ dữ liệu cho bảng `nhap`
--

INSERT INTO `nhap` (`MaPN`, `MaNCC`, `NgayNhap`, `MaNV`, `TrangThai`) VALUES
(1, 1, '2024-04-10', 1, 'confirmed'),
(2, 2, '2024-04-11', 2, 'confirmed'),
(3, 3, '2024-04-12', 3, 'confirmed'),
(4, 4, '2024-04-13', 4, 'confirmed'),
(5, 1, '2024-04-14', 5, 'confirmed'),
(6, 2, '2024-04-15', 6, 'confirmed'),
(7, 3, '2024-04-16', 1, 'confirmed'),
(8, 4, '2024-04-17', 2, 'confirmed'),
(9, 1, '2024-04-18', 3, 'confirmed'),
(10, 2, '2024-04-19', 4, 'confirmed'),
(11, 3, '2024-04-20', 5, 'confirmed'),
(12, 4, '2024-04-21', 6, 'confirmed'),
(13, 1, '2024-04-22', 7, 'confirmed'),
(14, 2, '2024-04-23', 8, 'confirmed'),
(15, 3, '2024-04-24', 9, 'confirmed'),
(16, 4, '2024-04-25', 10, 'confirmed'),
(17, 1, '2024-04-26', 11, 'confirmed'),
(18, 2, '2024-04-27', 1, 'confirmed'),
(19, 3, '2024-04-28', 2, 'confirmed'),
(20, 4, '2024-04-29', 3, 'confirmed'),
(21, 1, '2024-04-30', 4, 'confirmed'),
(22, 2, '2024-05-01', 5, 'confirmed'),
(23, 3, '2024-05-02', 6, 'confirmed'),
(24, 4, '2024-05-03', 7, 'confirmed'),
(25, 1, '2024-05-04', 8, 'confirmed'),
(26, 2, '2024-05-05', 9, 'confirmed'),
(27, 3, '2024-05-06', 10, 'confirmed'),
(28, 4, '2024-05-07', 11, 'confirmed'),
(29, 1, '2024-05-08', 1, 'confirmed'),
(30, 2, '2024-05-09', 2, 'confirmed'),
(31, 3, '2024-05-10', 3, 'confirmed'),
(32, 4, '2024-05-11', 4, 'confirmed'),
(33, 1, '2024-05-12', 5, 'confirmed'),
(34, 2, '2024-05-13', 6, 'confirmed'),
(35, 3, '2024-05-14', 7, 'confirmed'),
(36, 4, '2024-05-15', 8, 'confirmed'),
(37, 1, '2024-05-16', 9, 'confirmed'),
(38, 2, '2024-05-17', 10, 'confirmed'),
(39, 3, '2024-05-18', 11, 'confirmed'),
(40, 4, '2024-05-19', 1, 'confirmed'),
(41, 1, '2024-05-20', 2, 'confirmed'),
(42, 2, '2024-05-21', 3, 'confirmed'),
(43, 3, '2024-05-22', 4, 'confirmed'),
(44, 4, '2024-05-23', 5, 'confirmed'),
(45, 1, '2024-05-24', 6, 'confirmed'),
(46, 2, '2024-05-25', 7, 'confirmed'),
(47, 3, '2024-05-26', 8, 'confirmed'),
(48, 4, '2024-05-27', 9, 'confirmed'),
(49, 1, '2024-05-28', 10, 'confirmed'),
(50, 2, '2024-05-29', 11, 'confirmed'),
(51, 3, '2024-05-30', 1, 'confirmed'),
(52, 4, '2024-05-31', 2, 'confirmed'),
(53, 1, '2024-06-01', 3, 'confirmed'),
(54, 2, '2024-06-02', 4, 'confirmed'),
(55, 3, '2024-06-03', 5, 'confirmed'),
(56, 4, '2024-06-04', 6, 'confirmed'),
(57, 1, '2024-06-05', 7, 'confirmed'),
(58, 2, '2024-06-06', 8, 'confirmed'),
(59, 3, '2024-06-07', 9, 'confirmed'),
(60, 4, '2024-06-08', 10, 'confirmed'),
(61, 1, '2024-06-09', 11, 'confirmed'),
(62, 2, '2024-06-10', 1, 'confirmed'),
(63, 3, '2024-06-11', 2, 'confirmed'),
(64, 4, '2024-06-12', 3, 'confirmed'),
(65, 1, '2024-06-13', 4, 'confirmed'),
(66, 2, '2024-06-14', 5, 'confirmed'),
(67, 3, '2024-06-15', 6, 'confirmed'),
(68, 4, '2024-06-16', 7, 'confirmed'),
(69, 1, '2024-06-17', 8, 'confirmed'),
(70, 2, '2024-06-18', 9, 'confirmed'),
(71, 3, '2024-06-19', 10, 'confirmed'),
(72, 4, '2024-06-20', 11, 'confirmed'),
(73, 1, '2024-06-21', 1, 'confirmed'),
(74, 2, '2024-06-22', 2, 'confirmed'),
(75, 3, '2024-06-23', 3, 'confirmed'),
(76, 4, '2024-06-24', 4, 'confirmed'),
(77, 1, '2024-06-25', 5, 'confirmed'),
(78, 2, '2024-06-26', 6, 'confirmed'),
(79, 3, '2024-06-27', 7, 'confirmed'),
(80, 4, '2024-06-28', 8, 'confirmed'),
(81, 1, '2024-06-29', 9, 'confirmed'),
(82, 2, '2024-06-30', 10, 'confirmed'),
(83, 3, '2024-07-01', 11, 'confirmed'),
(84, 4, '2024-07-02', 1, 'confirmed'),
(85, 1, '2024-07-03', 2, 'confirmed'),
(86, 2, '2024-07-04', 3, 'confirmed'),
(87, 3, '2024-07-05', 4, 'confirmed'),
(88, 4, '2024-07-06', 5, 'confirmed'),
(89, 1, '2024-07-07', 6, 'confirmed'),
(90, 2, '2024-07-08', 7, 'confirmed'),
(91, 3, '2024-07-09', 8, 'confirmed'),
(92, 4, '2024-07-10', 9, 'confirmed'),
(93, 1, '2024-07-11', 10, 'confirmed'),
(94, 2, '2024-07-12', 11, 'confirmed'),
(95, 3, '2024-07-13', 1, 'confirmed'),
(96, 4, '2024-07-14', 2, 'confirmed'),
(97, 1, '2024-07-15', 3, 'confirmed'),
(98, 2, '2024-07-16', 4, 'confirmed'),
(99, 3, '2024-07-17', 5, 'confirmed'),
(100, 4, '2024-07-18', 6, 'confirmed'),
(101, 1, '2024-07-19', 7, 'confirmed'),
(102, 2, '2024-07-20', 8, 'confirmed'),
(103, 3, '2024-07-21', 9, 'confirmed'),
(104, 4, '2024-07-22', 10, 'confirmed'),
(105, 1, '2024-07-23', 11, 'confirmed'),
(106, 2, '2024-07-24', 1, 'confirmed'),
(107, 3, '2024-07-25', 2, 'confirmed'),
(108, 4, '2024-07-26', 3, 'confirmed'),
(109, 1, '2024-07-27', 4, 'confirmed'),
(110, 2, '2024-07-28', 5, 'confirmed'),
(111, 3, '2024-07-29', 6, 'confirmed'),
(112, 4, '2024-07-30', 7, 'confirmed'),
(113, 1, '2024-07-31', 8, 'confirmed'),
(114, 2, '2024-08-01', 9, 'confirmed'),
(115, 3, '2024-08-02', 10, 'confirmed'),
(116, 4, '2024-08-03', 11, 'confirmed'),
(117, 1, '2024-08-04', 1, 'confirmed'),
(118, 2, '2024-08-05', 2, 'confirmed'),
(119, 3, '2024-08-06', 3, 'confirmed'),
(120, 4, '2024-08-07', 4, 'confirmed'),
(121, 1, '2024-08-08', 5, 'confirmed'),
(122, 2, '2024-08-09', 6, 'confirmed'),
(123, 3, '2024-08-10', 7, 'confirmed'),
(124, 4, '2024-08-11', 8, 'confirmed'),
(125, 1, '2024-08-12', 9, 'confirmed'),
(126, 2, '2024-08-13', 10, 'confirmed'),
(127, 3, '2024-08-14', 11, 'confirmed'),
(128, 4, '2024-08-15', 1, 'confirmed'),
(129, 1, '2024-08-16', 2, 'confirmed'),
(130, 2, '2024-08-17', 3, 'confirmed'),
(131, 3, '2024-08-18', 4, 'confirmed'),
(132, 4, '2024-08-19', 5, 'confirmed'),
(133, 1, '2024-08-20', 6, 'confirmed'),
(134, 2, '2024-08-21', 7, 'confirmed'),
(135, 3, '2024-08-22', 8, 'confirmed'),
(136, 4, '2024-08-23', 9, 'confirmed'),
(137, 1, '2024-08-24', 10, 'confirmed'),
(138, 2, '2024-08-25', 11, 'confirmed'),
(139, 3, '2024-08-26', 1, 'confirmed'),
(140, 4, '2024-08-27', 2, 'confirmed'),
(141, 1, '2024-08-28', 3, 'confirmed'),
(142, 2, '2024-08-29', 4, 'confirmed'),
(143, 3, '2024-08-30', 5, 'confirmed'),
(144, 4, '2024-08-31', 6, 'confirmed'),
(145, 1, '2024-09-01', 7, 'confirmed'),
(146, 2, '2024-09-02', 8, 'confirmed'),
(147, 3, '2024-09-03', 9, 'confirmed'),
(148, 4, '2024-09-04', 10, 'confirmed'),
(149, 1, '2024-09-05', 11, 'confirmed'),
(150, 2, '2024-09-06', 1, 'confirmed'),
(151, 3, '2024-09-07', 2, 'confirmed'),
(152, 4, '2024-09-08', 3, 'confirmed'),
(153, 1, '2024-09-09', 4, 'confirmed'),
(154, 2, '2024-09-10', 5, 'confirmed'),
(155, 3, '2024-09-11', 6, 'confirmed'),
(156, 4, '2024-09-12', 7, 'confirmed'),
(157, 1, '2024-09-13', 8, 'confirmed'),
(158, 2, '2024-09-14', 9, 'confirmed'),
(159, 3, '2024-09-15', 10, 'confirmed'),
(160, 4, '2024-09-16', 11, 'confirmed'),
(161, 1, '2024-09-17', 1, 'confirmed'),
(162, 2, '2024-09-18', 2, 'confirmed'),
(163, 3, '2024-09-19', 3, 'confirmed'),
(164, 4, '2024-09-20', 4, 'confirmed'),
(165, 1, '2024-09-21', 5, 'confirmed'),
(166, 2, '2024-09-22', 6, 'confirmed'),
(167, 3, '2024-09-23', 7, 'confirmed'),
(168, 4, '2024-09-24', 8, 'confirmed'),
(169, 1, '2024-09-25', 9, 'confirmed'),
(170, 2, '2024-09-26', 10, 'confirmed'),
(171, 3, '2024-09-27', 11, 'confirmed'),
(172, 4, '2024-09-28', 1, 'confirmed'),
(173, 1, '2024-09-29', 2, 'confirmed'),
(174, 2, '2024-09-30', 3, 'confirmed'),
(175, 3, '2024-10-01', 4, 'confirmed'),
(176, 4, '2024-10-02', 5, 'confirmed'),
(177, 1, '2024-10-03', 6, 'confirmed'),
(178, 2, '2024-10-04', 7, 'confirmed'),
(179, 3, '2024-10-05', 8, 'confirmed'),
(180, 4, '2024-10-06', 9, 'confirmed'),
(181, 1, '2024-10-07', 10, 'confirmed'),
(182, 2, '2024-10-08', 11, 'confirmed'),
(183, 3, '2024-10-09', 1, 'confirmed'),
(184, 4, '2024-10-10', 2, 'confirmed'),
(185, 1, '2024-10-11', 3, 'confirmed'),
(186, 2, '2024-10-12', 4, 'confirmed'),
(187, 3, '2024-10-13', 5, 'confirmed'),
(188, 4, '2024-10-14', 6, 'confirmed'),
(189, 1, '2024-10-15', 7, 'confirmed'),
(190, 2, '2024-10-16', 8, 'confirmed'),
(191, 3, '2024-10-17', 9, 'confirmed'),
(192, 4, '2024-10-18', 10, 'confirmed'),
(193, 1, '2024-10-19', 11, 'confirmed'),
(194, 2, '2024-10-20', 1, 'confirmed'),
(195, 3, '2024-10-21', 2, 'confirmed'),
(196, 4, '2024-10-22', 3, 'confirmed'),
(197, 1, '2024-10-23', 4, 'confirmed'),
(198, 2, '2024-10-24', 5, 'confirmed'),
(199, 3, '2024-10-25', 6, 'confirmed'),
(200, 4, '2024-10-26', 7, 'confirmed'),
(201, 1, '2024-10-27', 8, 'confirmed'),
(202, 2, '2024-10-28', 9, 'confirmed'),
(203, 3, '2024-10-29', 10, 'confirmed'),
(204, 4, '2024-10-30', 11, 'confirmed'),
(205, 1, '2024-10-31', 1, 'confirmed'),
(206, 2, '2024-11-01', 2, 'confirmed'),
(207, 3, '2024-11-02', 3, 'confirmed'),
(208, 4, '2024-11-03', 4, 'confirmed'),
(209, 1, '2024-11-04', 5, 'confirmed'),
(210, 2, '2024-11-05', 6, 'confirmed'),
(211, 3, '2024-11-06', 7, 'confirmed'),
(212, 4, '2024-11-07', 8, 'confirmed'),
(213, 1, '2024-11-08', 9, 'confirmed'),
(214, 2, '2024-11-09', 10, 'confirmed'),
(215, 3, '2024-11-10', 11, 'confirmed'),
(216, 4, '2024-11-11', 1, 'confirmed'),
(217, 1, '2024-11-12', 2, 'confirmed'),
(218, 2, '2024-11-13', 3, 'confirmed'),
(219, 3, '2024-11-14', 4, 'confirmed'),
(220, 4, '2024-11-15', 5, 'confirmed'),
(221, 1, '2024-11-16', 6, 'confirmed'),
(222, 2, '2024-11-17', 7, 'confirmed'),
(223, 3, '2024-11-18', 8, 'confirmed'),
(224, 4, '2024-11-19', 9, 'confirmed'),
(225, 1, '2024-11-20', 10, 'confirmed'),
(226, 2, '2024-11-21', 11, 'confirmed'),
(227, 3, '2024-11-22', 1, 'confirmed'),
(228, 4, '2024-11-23', 2, 'confirmed'),
(229, 1, '2024-11-24', 3, 'confirmed'),
(230, 2, '2024-11-25', 4, 'confirmed'),
(231, 3, '2024-11-26', 5, 'confirmed'),
(232, 4, '2024-11-27', 6, 'confirmed'),
(233, 1, '2024-11-28', 7, 'confirmed'),
(234, 2, '2024-11-29', 8, 'confirmed'),
(235, 3, '2024-11-30', 9, 'confirmed'),
(236, 4, '2024-12-01', 10, 'confirmed'),
(237, 1, '2024-12-02', 11, 'confirmed'),
(238, 2, '2024-12-03', 1, 'confirmed'),
(239, 3, '2024-12-04', 2, 'confirmed'),
(240, 4, '2024-12-05', 3, 'confirmed'),
(241, 1, '2024-12-06', 4, 'confirmed'),
(242, 2, '2024-12-07', 5, 'confirmed'),
(243, 3, '2024-12-08', 6, 'confirmed'),
(244, 4, '2024-12-09', 7, 'confirmed'),
(245, 1, '2024-12-10', 8, 'confirmed'),
(246, 2, '2024-12-11', 9, 'confirmed'),
(247, 3, '2024-12-12', 10, 'confirmed'),
(248, 4, '2024-12-13', 11, 'confirmed'),
(249, 1, '2024-12-14', 1, 'confirmed'),
(250, 2, '2024-12-15', 2, 'confirmed'),
(251, 3, '2024-12-16', 3, 'confirmed'),
(252, 4, '2024-12-17', 4, 'confirmed'),
(253, 1, '2024-12-18', 5, 'confirmed'),
(254, 2, '2024-12-19', 6, 'confirmed'),
(255, 3, '2024-12-20', 7, 'confirmed'),
(256, 4, '2024-12-21', 8, 'confirmed'),
(257, 1, '2024-12-22', 9, 'confirmed'),
(258, 2, '2024-12-23', 10, 'confirmed'),
(259, 3, '2024-12-24', 11, 'confirmed'),
(260, 4, '2024-12-25', 1, 'confirmed'),
(261, 1, '2024-12-26', 2, 'confirmed'),
(262, 2, '2024-12-27', 3, 'confirmed'),
(263, 3, '2024-12-28', 4, 'confirmed'),
(264, 4, '2024-12-29', 5, 'confirmed'),
(265, 1, '2024-12-30', 6, 'confirmed'),
(266, 2, '2024-12-31', 7, 'confirmed'),
(267, 3, '2025-01-01', 8, 'confirmed'),
(268, 4, '2025-01-02', 9, 'confirmed'),
(269, 1, '2025-01-03', 10, 'confirmed'),
(270, 2, '2025-01-04', 11, 'confirmed'),
(271, 3, '2025-01-05', 1, 'confirmed'),
(272, 4, '2025-01-06', 2, 'confirmed'),
(273, 1, '2025-01-07', 3, 'confirmed'),
(274, 2, '2025-01-08', 4, 'confirmed'),
(275, 3, '2025-01-09', 5, 'confirmed'),
(276, 4, '2025-01-10', 6, 'confirmed'),
(277, 1, '2025-01-11', 7, 'confirmed'),
(278, 2, '2025-01-12', 8, 'confirmed'),
(279, 3, '2025-01-13', 9, 'confirmed'),
(280, 4, '2025-01-14', 10, 'confirmed'),
(281, 1, '2025-01-15', 11, 'confirmed'),
(282, 2, '2025-01-16', 1, 'confirmed'),
(283, 3, '2025-01-17', 2, 'confirmed'),
(284, 4, '2025-01-18', 3, 'confirmed'),
(285, 1, '2025-01-19', 4, 'confirmed'),
(286, 2, '2025-01-20', 5, 'confirmed'),
(287, 3, '2025-01-21', 6, 'confirmed'),
(288, 4, '2025-01-22', 7, 'confirmed'),
(289, 1, '2025-01-23', 8, 'confirmed'),
(290, 2, '2025-01-24', 9, 'confirmed'),
(291, 3, '2025-01-25', 10, 'confirmed'),
(292, 4, '2025-01-26', 11, 'confirmed'),
(293, 1, '2025-01-27', 1, 'confirmed'),
(294, 2, '2025-01-28', 2, 'confirmed'),
(295, 3, '2025-01-29', 3, 'confirmed'),
(296, 4, '2025-01-30', 4, 'confirmed'),
(297, 1, '2025-01-31', 5, 'confirmed'),
(298, 2, '2025-02-01', 6, 'confirmed'),
(299, 3, '2025-02-02', 7, 'confirmed'),
(300, 4, '2025-02-03', 8, 'confirmed'),
(301, 1, '2025-02-04', 9, 'confirmed'),
(302, 2, '2025-02-05', 10, 'confirmed'),
(303, 3, '2025-02-06', 11, 'confirmed'),
(304, 4, '2025-02-07', 1, 'confirmed'),
(305, 1, '2025-02-08', 2, 'confirmed'),
(306, 2, '2025-02-09', 3, 'confirmed'),
(307, 3, '2025-02-10', 4, 'confirmed'),
(308, 4, '2025-02-11', 5, 'confirmed'),
(309, 1, '2025-02-12', 6, 'confirmed'),
(310, 2, '2025-02-13', 7, 'confirmed'),
(311, 3, '2025-02-14', 8, 'confirmed'),
(312, 4, '2025-02-15', 9, 'confirmed'),
(313, 1, '2025-02-16', 10, 'confirmed'),
(314, 2, '2025-02-17', 11, 'confirmed'),
(315, 3, '2025-02-18', 1, 'confirmed'),
(316, 4, '2025-02-19', 2, 'confirmed'),
(317, 1, '2025-02-20', 3, 'confirmed'),
(318, 2, '2025-02-21', 4, 'confirmed'),
(319, 3, '2025-02-22', 5, 'confirmed'),
(320, 4, '2025-02-23', 6, 'confirmed'),
(321, 1, '2025-02-24', 7, 'confirmed'),
(322, 2, '2025-02-25', 8, 'confirmed'),
(323, 3, '2025-02-26', 9, 'confirmed'),
(324, 4, '2025-02-27', 10, 'confirmed'),
(325, 1, '2025-02-28', 11, 'confirmed'),
(326, 2, '2025-03-01', 1, 'confirmed'),
(327, 3, '2025-03-02', 2, 'confirmed'),
(328, 4, '2025-03-03', 3, 'confirmed'),
(329, 1, '2025-03-04', 4, 'confirmed'),
(330, 2, '2025-03-05', 5, 'confirmed'),
(331, 3, '2025-03-06', 6, 'confirmed'),
(332, 4, '2025-03-07', 7, 'confirmed'),
(333, 1, '2025-03-08', 8, 'confirmed'),
(334, 2, '2025-03-09', 9, 'confirmed'),
(335, 3, '2025-03-10', 10, 'confirmed'),
(336, 4, '2025-03-11', 11, 'confirmed'),
(337, 1, '2025-03-12', 1, 'confirmed'),
(338, 2, '2025-03-13', 2, 'confirmed'),
(339, 3, '2025-03-14', 3, 'confirmed'),
(340, 4, '2025-03-15', 4, 'confirmed'),
(341, 1, '2025-03-16', 5, 'confirmed'),
(342, 2, '2025-03-17', 6, 'confirmed'),
(343, 3, '2025-03-18', 7, 'confirmed'),
(344, 4, '2025-03-19', 8, 'confirmed'),
(345, 1, '2025-03-20', 9, 'confirmed'),
(346, 2, '2025-03-21', 10, 'confirmed'),
(347, 3, '2025-03-22', 11, 'confirmed'),
(348, 4, '2025-03-23', 1, 'confirmed'),
(349, 1, '2025-03-24', 2, 'confirmed'),
(350, 2, '2025-03-25', 3, 'confirmed'),
(351, 3, '2025-03-26', 4, 'confirmed'),
(352, 4, '2025-03-27', 5, 'confirmed'),
(353, 1, '2025-03-28', 6, 'confirmed'),
(354, 2, '2025-03-29', 7, 'confirmed'),
(355, 3, '2025-03-30', 8, 'confirmed'),
(356, 4, '2025-03-31', 9, 'confirmed'),
(357, 1, '2025-04-01', 10, 'confirmed'),
(358, 2, '2025-04-02', 11, 'confirmed'),
(359, 3, '2025-04-03', 1, 'confirmed'),
(360, 4, '2025-04-04', 2, 'confirmed'),
(361, 1, '2025-04-05', 3, 'confirmed'),
(362, 2, '2025-04-06', 4, 'confirmed'),
(363, 3, '2025-04-07', 5, 'confirmed'),
(364, 4, '2025-04-08', 6, 'confirmed'),
(365, 1, '2025-04-09', 7, 'confirmed'),
(366, 2, '2025-04-10', 8, 'confirmed'),
(367, 2, '2025-04-10', 4, 'pending'),
(368, 4, '2025-04-10', 4, 'pending');

-- --------------------------------------------------------

--
-- Cấu trúc bảng cho bảng `sanpham`
--

CREATE TABLE `sanpham` (
  `TrangThai` enum('hide','show') NOT NULL DEFAULT 'show',
  `MaSP` int(11) NOT NULL,
  `TenSP` varchar(255) NOT NULL,
  `LoaiSP` varchar(100) DEFAULT NULL,
  `KichCo` varchar(10) DEFAULT NULL,
  `MauSac` varchar(50) DEFAULT NULL,
  `GiaNhap` float NOT NULL COMMENT 'Đơn vị: VND',
  `GiaXuat` float NOT NULL COMMENT 'Đơn vị: VND',
  `SoLuongTon` int(11) NOT NULL DEFAULT 0,
  `NgayNhap` date DEFAULT NULL
) ENGINE=InnoDB DEFAULT CHARSET=utf8mb4 COLLATE=utf8mb4_general_ci;

--
-- Đang đổ dữ liệu cho bảng `sanpham`
--

INSERT INTO `sanpham` (`TrangThai`, `MaSP`, `TenSP`, `LoaiSP`, `KichCo`, `MauSac`, `GiaNhap`, `GiaXuat`, `SoLuongTon`, `NgayNhap`) VALUES
('show', 1, 'Áo thun nam cổ tròn', 'Thời trang nam', 'M', 'Đen', 120000, 180000, 470, '2024-04-10'),
('show', 2, 'Quần jeans nam slim-fit', 'Thời trang nam', 'L', 'Xanh đậm', 250000, 350000, 230, '2024-04-10'),
('show', 3, 'Giày thể thao nam', 'Giày dép', '42', 'Trắng', 600000, 850000, 395, '2024-04-10'),
('show', 4, 'Balo du lịch chống nước', 'Phụ kiện', 'One-size', 'Xám', 300000, 450000, 290, '2024-04-10'),
('show', 5, 'Áo sơ mi nữ tay dài', 'Thời trang nữ', 'S', 'Trắng', 180000, 260000, 370, '2024-04-10'),
('show', 6, 'Quần short nữ vải kaki', 'Thời trang nữ', 'M', 'Beige', 150000, 220000, 680, '2024-04-10'),
('show', 7, 'Mũ lưỡi trai thêu logo', 'Phụ kiện', 'One-size', 'Xanh navy', 90000, 140000, 390, '2024-04-10'),
('show', 8, 'Tất nam cổ cao', 'Phụ kiện', 'FreeSize', 'Đen', 25000, 40000, 720, '2024-04-10'),
('show', 9, 'Túi xách nữ da PU', 'Phụ kiện', 'One-size', 'Nâu', 350000, 500000, 240, '2024-04-10'),
('show', 10, 'Áo hoodie nam oversize', 'Thời trang nam', 'XL', 'Xám', 280000, 400000, 480, '2024-04-10'),
('show', 11, 'Váy maxi nữ hoa nhí', 'Thời trang nữ', 'M', 'Hồng', 320000, 450000, 171, '2024-04-10'),
('show', 12, 'Dép sandal nữ đế bệt', 'Giày dép', '38', 'Đen', 200000, 300000, 270, '2024-04-10');

-- --------------------------------------------------------

--
-- Cấu trúc bảng cho bảng `useraccount`
--

CREATE TABLE `useraccount` (
  `UserID` varchar(8) NOT NULL,
  `UserName` varchar(50) NOT NULL,
  `Password` varchar(255) NOT NULL,
  `Role` enum('Quản lý','Nhân viên','Cửa Hàng') NOT NULL DEFAULT 'Cửa Hàng',
  `TrangThai` enum('normal','banned') CHARACTER SET utf8 COLLATE utf8_general_ci NOT NULL DEFAULT 'normal'
) ENGINE=InnoDB DEFAULT CHARSET=utf8mb4 COLLATE=utf8mb4_general_ci;

--
-- Đang đổ dữ liệu cho bảng `useraccount`
--

INSERT INTO `useraccount` (`UserID`, `UserName`, `Password`, `Role`, `TrangThai`) VALUES
('USER0', 'ad', '$2y$10$h2q3akzzd54izcLCtKHGJ.guXvyW74oBlaL.b2k2DDlMoRO24uu9G', 'Quản lý', 'normal'),
('USER1', 'user1', '$2y$10$jLZHlURlSzFGFapgPccUUuLiBN53aHNpeVunfCAHYKTBpZNYL0fsy', 'Nhân viên', 'normal'),
('USER10', 'th', '$2y$10$tAdaJvbJS3liuiq.19ZfCeWD2We9EQlS9wRhffAFqxEwbOXzTIhk.', 'Nhân viên', 'normal'),
('USER11', 'tuo', '$2y$10$ThOKHWehCERCQlmHvBxdU.sckmdLeaT1RL4p14XmEPAMd4Dhn0wk6', 'Nhân viên', 'normal'),
('USER12', 'phat1', '$2y$10$6BG9R8ar1X0o5QxoloJXdOcwYgrwI6bTUGmqaN58BDs8BcGj5tG7y', 'Nhân viên', 'normal'),
('USER13', 'ch2', '$2y$10$2XXAPaft062/Ogff0RDTBuS9u9aWdvCdFG.ZER0PzvXO/19VOVTeW', 'Cửa Hàng', 'normal'),
('USER14', 'ch3', '$2y$10$LKMOKom6cpDDwkMbvo6l3.AwItbuJeTOQnaX95JCuqA5E9FuFWJR.', 'Cửa Hàng', 'normal'),
('USER15', 'ch4', '$2y$10$ECAv8X8DdsFfh.S4hP.mP.fYFYfd6xt1mVq55NsiTBvf4E3Ov511u', 'Cửa Hàng', 'normal'),
('USER16', 'ch5', '$2y$10$gb5lbTqzmCYjN429drP4b.RaFbegjZz2EjgOseHLM3TJLcMkZDX7G', 'Cửa Hàng', 'normal'),
('USER17', 'ch6', '$2y$10$v6nKBnsPtUQPsbzHZ8ESLOHcDfvK71FwUyvfqmAETL5ZYk2haO70C', 'Cửa Hàng', 'normal'),
('USER18', 'ch7', '$2y$10$F41IbhOmqW73LvxJNptYZ.8xkFf3p/xQQ5nwTbCjffxP2e./fqTL.', 'Cửa Hàng', 'normal'),
('USER19', 'ch8', '$2y$10$SGL0nhzNEElhRiO69ThOqOZQaDy5TyoB.OYWVfuZdotk.yZ36yWjq', 'Cửa Hàng', 'normal'),
('USER2', 'user2', '$2y$10$IdGrR5Q67X/.Wgf9sXw6r.mjUnB9CpcLkgkRjRH.OBVPl3uUjhFT2', 'Nhân viên', 'normal'),
('USER20', 'ch9', '$2y$10$Yqyqvtd6cTOTVN1mcUp/3.g99XTcaqJ3Ay1pesHjawpBMDuEhJd36', 'Cửa Hàng', 'normal'),
('USER21', 'ch10', '$2y$10$pBVFUPX.K3x3KuJdWU3WFeKhFiV/WM4s9Uo7iXFYzmAamAU0mxsEW', 'Cửa Hàng', 'normal'),
('USER3', 'user3', '$2y$10$B6Wk9rya2o6du5MKWKP0ae2i5UWB8N1tNhNdtqrnJicwLykGZpwSa', 'Nhân viên', 'normal'),
('USER4', 'user4', '$2y$10$yRF/3fRq2oD4LNv8q2miaerbxqS.z0RUY09b5hMDsSRE9/UP8CKXu', 'Nhân viên', 'normal'),
('USER5', 'user5', '$2y$10$OqTyG9pnqZxqygy9K51RpOzNPrP6Dyj7OeJ2cILOEFeEW8Mu/VA7m', 'Nhân viên', 'normal'),
('USER6', 'ch1', '$2y$10$rfD0C0BvJp6syqH6N0.QUObTJMMWbuJXjyZ4Acou27lon9N7vzZSi', 'Cửa Hàng', 'normal'),
('USER7', 'user7', '$2y$10$vaetHu2tRQMl1FqI2FylGOJ4JICDqatdtjFNfFvdXouMOR/D33HBO', 'Cửa Hàng', 'normal'),
('USER8', 'u8', '$2y$10$Dlhsk/yTZr94L95OfxOCee0u.fWflb2lFxu5bPgYt/TW5frBNHgAu', 'Nhân viên', 'normal'),
('USER9', 'tuong', '$2y$10$UCdrk0zzn8UbFUrkiaCuzekwwW4UKG2VBmJ6cgGME8lEoubBRAO3C', 'Nhân viên', 'normal');

-- --------------------------------------------------------

--
-- Cấu trúc bảng cho bảng `xuat`
--

CREATE TABLE `xuat` (
  `MaPX` int(11) NOT NULL,
  `NgayXuat` date NOT NULL,
  `MaNV` int(11) DEFAULT NULL,
  `TrangThai` enum('confirmed','deny','pending') DEFAULT 'pending',
  `MaCH` varchar(8) DEFAULT NULL
) ENGINE=InnoDB DEFAULT CHARSET=utf8mb4 COLLATE=utf8mb4_general_ci;

--
-- Đang đổ dữ liệu cho bảng `xuat`
--

INSERT INTO `xuat` (`MaPX`, `NgayXuat`, `MaNV`, `TrangThai`, `MaCH`) VALUES
(1, '2024-04-10', 1, 'confirmed', 'CH001'),
(2, '2024-04-11', 2, 'confirmed', 'CH002'),
(3, '2024-04-12', 3, 'confirmed', 'CH003'),
(4, '2024-04-13', 4, 'confirmed', 'CH004'),
(5, '2024-04-14', 5, 'confirmed', 'CH005'),
(6, '2024-04-15', 6, 'confirmed', 'CH006'),
(7, '2024-04-16', 1, 'confirmed', 'CH007'),
(8, '2024-04-17', 2, 'confirmed', 'CH008'),
(9, '2024-04-18', 3, 'confirmed', 'CH009'),
(10, '2024-04-19', 4, 'confirmed', 'CH010'),
(11, '2024-04-20', 5, 'confirmed', 'CH011'),
(12, '2024-04-21', 6, 'confirmed', 'CH001'),
(13, '2024-04-22', 7, 'confirmed', 'CH002'),
(14, '2024-04-23', 8, 'confirmed', 'CH003'),
(15, '2024-04-24', 9, 'confirmed', 'CH004'),
(16, '2024-04-25', 10, 'confirmed', 'CH005'),
(17, '2024-04-26', 11, 'confirmed', 'CH006'),
(18, '2024-04-27', 1, 'confirmed', 'CH007'),
(19, '2024-04-28', 2, 'confirmed', 'CH008'),
(20, '2024-04-29', 3, 'confirmed', 'CH009'),
(21, '2024-04-30', 4, 'confirmed', 'CH010'),
(22, '2024-05-01', 5, 'confirmed', 'CH011'),
(23, '2024-05-02', 6, 'confirmed', 'CH001'),
(24, '2024-05-03', 7, 'confirmed', 'CH002'),
(25, '2024-05-04', 8, 'confirmed', 'CH003'),
(26, '2024-05-05', 9, 'confirmed', 'CH004'),
(27, '2024-05-06', 10, 'confirmed', 'CH005'),
(28, '2024-05-07', 11, 'confirmed', 'CH006'),
(29, '2024-05-08', 1, 'confirmed', 'CH007'),
(30, '2024-05-09', 2, 'confirmed', 'CH008'),
(31, '2024-05-10', 3, 'confirmed', 'CH009'),
(32, '2024-05-11', 4, 'confirmed', 'CH010'),
(33, '2024-05-12', 5, 'confirmed', 'CH011'),
(34, '2024-05-13', 6, 'confirmed', 'CH001'),
(35, '2024-05-14', 7, 'confirmed', 'CH002'),
(36, '2024-05-15', 8, 'confirmed', 'CH003'),
(37, '2024-05-16', 9, 'confirmed', 'CH004'),
(38, '2024-05-17', 10, 'confirmed', 'CH005'),
(39, '2024-05-18', 11, 'confirmed', 'CH006'),
(40, '2024-05-19', 1, 'confirmed', 'CH007'),
(41, '2024-05-20', 2, 'confirmed', 'CH008'),
(42, '2024-05-21', 3, 'confirmed', 'CH009'),
(43, '2024-05-22', 4, 'confirmed', 'CH010'),
(44, '2024-05-23', 5, 'confirmed', 'CH011'),
(45, '2024-05-24', 6, 'confirmed', 'CH001'),
(46, '2024-05-25', 7, 'confirmed', 'CH002'),
(47, '2024-05-26', 8, 'confirmed', 'CH003'),
(48, '2024-05-27', 9, 'confirmed', 'CH004'),
(49, '2024-05-28', 10, 'confirmed', 'CH005'),
(50, '2024-05-29', 11, 'confirmed', 'CH006'),
(51, '2024-05-30', 1, 'confirmed', 'CH007'),
(52, '2024-05-31', 2, 'confirmed', 'CH008'),
(53, '2024-06-01', 3, 'confirmed', 'CH009'),
(54, '2024-06-02', 4, 'confirmed', 'CH010'),
(55, '2024-06-03', 5, 'confirmed', 'CH011'),
(56, '2024-06-04', 6, 'confirmed', 'CH001'),
(57, '2024-06-05', 7, 'confirmed', 'CH002'),
(58, '2024-06-06', 8, 'confirmed', 'CH003'),
(59, '2024-06-07', 9, 'confirmed', 'CH004'),
(60, '2024-06-08', 10, 'confirmed', 'CH005'),
(61, '2024-06-09', 11, 'confirmed', 'CH006'),
(62, '2024-06-10', 1, 'confirmed', 'CH007'),
(63, '2024-06-11', 2, 'confirmed', 'CH008'),
(64, '2024-06-12', 3, 'confirmed', 'CH009'),
(65, '2024-06-13', 4, 'confirmed', 'CH010'),
(66, '2024-06-14', 5, 'confirmed', 'CH011'),
(67, '2024-06-15', 6, 'confirmed', 'CH001'),
(68, '2024-06-16', 7, 'confirmed', 'CH002'),
(69, '2024-06-17', 8, 'confirmed', 'CH003'),
(70, '2024-06-18', 9, 'confirmed', 'CH004'),
(71, '2024-06-19', 10, 'confirmed', 'CH005'),
(72, '2024-06-20', 11, 'confirmed', 'CH006'),
(73, '2024-06-21', 1, 'confirmed', 'CH007'),
(74, '2024-06-22', 2, 'confirmed', 'CH008'),
(75, '2024-06-23', 3, 'confirmed', 'CH009'),
(76, '2024-06-24', 4, 'confirmed', 'CH010'),
(77, '2024-06-25', 5, 'confirmed', 'CH011'),
(78, '2024-06-26', 6, 'confirmed', 'CH001'),
(79, '2024-06-27', 7, 'confirmed', 'CH002'),
(80, '2024-06-28', 8, 'confirmed', 'CH003'),
(81, '2024-06-29', 9, 'confirmed', 'CH004'),
(82, '2024-06-30', 10, 'confirmed', 'CH005'),
(83, '2024-07-01', 11, 'confirmed', 'CH006'),
(84, '2024-07-02', 1, 'confirmed', 'CH007'),
(85, '2024-07-03', 2, 'confirmed', 'CH008'),
(86, '2024-07-04', 3, 'confirmed', 'CH009'),
(87, '2024-07-05', 4, 'confirmed', 'CH010'),
(88, '2024-07-06', 5, 'confirmed', 'CH011'),
(89, '2024-07-07', 6, 'confirmed', 'CH001'),
(90, '2024-07-08', 7, 'confirmed', 'CH002'),
(91, '2024-07-09', 8, 'confirmed', 'CH003'),
(92, '2024-07-10', 9, 'confirmed', 'CH004'),
(93, '2024-07-11', 10, 'confirmed', 'CH005'),
(94, '2024-07-12', 11, 'confirmed', 'CH006'),
(95, '2024-07-13', 1, 'confirmed', 'CH007'),
(96, '2024-07-14', 2, 'confirmed', 'CH008'),
(97, '2024-07-15', 3, 'confirmed', 'CH009'),
(98, '2024-07-16', 4, 'confirmed', 'CH010'),
(99, '2024-07-17', 5, 'confirmed', 'CH011'),
(100, '2024-07-18', 6, 'confirmed', 'CH001'),
(101, '2024-07-19', 7, 'confirmed', 'CH002'),
(102, '2024-07-20', 8, 'confirmed', 'CH003'),
(103, '2024-07-21', 9, 'confirmed', 'CH004'),
(104, '2024-07-22', 10, 'confirmed', 'CH005'),
(105, '2024-07-23', 11, 'confirmed', 'CH006'),
(106, '2024-07-24', 1, 'confirmed', 'CH007'),
(107, '2024-07-25', 2, 'confirmed', 'CH008'),
(108, '2024-07-26', 3, 'confirmed', 'CH009'),
(109, '2024-07-27', 4, 'confirmed', 'CH010'),
(110, '2024-07-28', 5, 'confirmed', 'CH011'),
(111, '2024-07-29', 6, 'confirmed', 'CH001'),
(112, '2024-07-30', 7, 'confirmed', 'CH002'),
(113, '2024-07-31', 8, 'confirmed', 'CH003'),
(114, '2024-08-01', 9, 'confirmed', 'CH004'),
(115, '2024-08-02', 10, 'confirmed', 'CH005'),
(116, '2024-08-03', 11, 'confirmed', 'CH006'),
(117, '2024-08-04', 1, 'confirmed', 'CH007'),
(118, '2024-08-05', 2, 'confirmed', 'CH008'),
(119, '2024-08-06', 3, 'confirmed', 'CH009'),
(120, '2024-08-07', 4, 'confirmed', 'CH010'),
(121, '2024-08-08', 5, 'confirmed', 'CH011'),
(122, '2024-08-09', 6, 'confirmed', 'CH001'),
(123, '2024-08-10', 7, 'confirmed', 'CH002'),
(124, '2024-08-11', 8, 'confirmed', 'CH003'),
(125, '2024-08-12', 9, 'confirmed', 'CH004'),
(126, '2024-08-13', 10, 'confirmed', 'CH005'),
(127, '2024-08-14', 11, 'confirmed', 'CH006'),
(128, '2024-08-15', 1, 'confirmed', 'CH007'),
(129, '2024-08-16', 2, 'confirmed', 'CH008'),
(130, '2024-08-17', 3, 'confirmed', 'CH009'),
(131, '2024-08-18', 4, 'confirmed', 'CH010'),
(132, '2024-08-19', 5, 'confirmed', 'CH011'),
(133, '2024-08-20', 6, 'confirmed', 'CH001'),
(134, '2024-08-21', 7, 'confirmed', 'CH002'),
(135, '2024-08-22', 8, 'confirmed', 'CH003'),
(136, '2024-08-23', 9, 'confirmed', 'CH004'),
(137, '2024-08-24', 10, 'confirmed', 'CH005'),
(138, '2024-08-25', 11, 'confirmed', 'CH006'),
(139, '2024-08-26', 1, 'confirmed', 'CH007'),
(140, '2024-08-27', 2, 'confirmed', 'CH008'),
(141, '2024-08-28', 3, 'confirmed', 'CH009'),
(142, '2024-08-29', 4, 'confirmed', 'CH010'),
(143, '2024-08-30', 5, 'confirmed', 'CH011'),
(144, '2024-08-31', 6, 'confirmed', 'CH001'),
(145, '2024-09-01', 7, 'confirmed', 'CH002'),
(146, '2024-09-02', 8, 'confirmed', 'CH003'),
(147, '2024-09-03', 9, 'confirmed', 'CH004'),
(148, '2024-09-04', 10, 'confirmed', 'CH005'),
(149, '2024-09-05', 11, 'confirmed', 'CH006'),
(150, '2024-09-06', 1, 'confirmed', 'CH007'),
(151, '2024-09-07', 2, 'confirmed', 'CH008'),
(152, '2024-09-08', 3, 'confirmed', 'CH009'),
(153, '2024-09-09', 4, 'confirmed', 'CH010'),
(154, '2024-09-10', 5, 'confirmed', 'CH011'),
(155, '2024-09-11', 6, 'confirmed', 'CH001'),
(156, '2024-09-12', 7, 'confirmed', 'CH002'),
(157, '2024-09-13', 8, 'confirmed', 'CH003'),
(158, '2024-09-14', 9, 'confirmed', 'CH004'),
(159, '2024-09-15', 10, 'confirmed', 'CH005'),
(160, '2024-09-16', 11, 'confirmed', 'CH006'),
(161, '2024-09-17', 1, 'confirmed', 'CH007'),
(162, '2024-09-18', 2, 'confirmed', 'CH008'),
(163, '2024-09-19', 3, 'confirmed', 'CH009'),
(164, '2024-09-20', 4, 'confirmed', 'CH010'),
(165, '2024-09-21', 5, 'confirmed', 'CH011'),
(166, '2024-09-22', 6, 'confirmed', 'CH001'),
(167, '2024-09-23', 7, 'confirmed', 'CH002'),
(168, '2024-09-24', 8, 'confirmed', 'CH003'),
(169, '2024-09-25', 9, 'confirmed', 'CH004'),
(170, '2024-09-26', 10, 'confirmed', 'CH005'),
(171, '2024-09-27', 11, 'confirmed', 'CH006'),
(172, '2024-09-28', 1, 'confirmed', 'CH007'),
(173, '2024-09-29', 2, 'confirmed', 'CH008'),
(174, '2024-09-30', 3, 'confirmed', 'CH009'),
(175, '2024-10-01', 4, 'confirmed', 'CH010'),
(176, '2024-10-02', 5, 'confirmed', 'CH011'),
(177, '2024-10-03', 6, 'confirmed', 'CH001'),
(178, '2024-10-04', 7, 'confirmed', 'CH002'),
(179, '2024-10-05', 8, 'confirmed', 'CH003'),
(180, '2024-10-06', 9, 'confirmed', 'CH004'),
(181, '2024-10-07', 10, 'confirmed', 'CH005'),
(182, '2024-10-08', 11, 'confirmed', 'CH006'),
(183, '2024-10-09', 1, 'confirmed', 'CH007'),
(184, '2024-10-10', 2, 'confirmed', 'CH008'),
(185, '2024-10-11', 3, 'confirmed', 'CH009'),
(186, '2024-10-12', 4, 'confirmed', 'CH010'),
(187, '2024-10-13', 5, 'confirmed', 'CH011'),
(188, '2024-10-14', 6, 'confirmed', 'CH001'),
(189, '2024-10-15', 7, 'confirmed', 'CH002'),
(190, '2024-10-16', 8, 'confirmed', 'CH003'),
(191, '2024-10-17', 9, 'confirmed', 'CH004'),
(192, '2024-10-18', 10, 'confirmed', 'CH005'),
(193, '2024-10-19', 11, 'confirmed', 'CH006'),
(194, '2024-10-20', 1, 'confirmed', 'CH007'),
(195, '2024-10-21', 2, 'confirmed', 'CH008'),
(196, '2024-10-22', 3, 'confirmed', 'CH009'),
(197, '2024-10-23', 4, 'confirmed', 'CH010'),
(198, '2024-10-24', 5, 'confirmed', 'CH011'),
(199, '2024-10-25', 6, 'confirmed', 'CH001'),
(200, '2024-10-26', 7, 'confirmed', 'CH002'),
(201, '2024-10-27', 8, 'confirmed', 'CH003'),
(202, '2024-10-28', 9, 'confirmed', 'CH004'),
(203, '2024-10-29', 10, 'confirmed', 'CH005'),
(204, '2024-10-30', 11, 'confirmed', 'CH006'),
(205, '2024-10-31', 1, 'confirmed', 'CH007'),
(206, '2024-11-01', 2, 'confirmed', 'CH008'),
(207, '2024-11-02', 3, 'confirmed', 'CH009'),
(208, '2024-11-03', 4, 'confirmed', 'CH010'),
(209, '2024-11-04', 5, 'confirmed', 'CH011'),
(210, '2024-11-05', 6, 'confirmed', 'CH001'),
(211, '2024-11-06', 7, 'confirmed', 'CH002'),
(212, '2024-11-07', 8, 'confirmed', 'CH003'),
(213, '2024-11-08', 9, 'confirmed', 'CH004'),
(214, '2024-11-09', 10, 'confirmed', 'CH005'),
(215, '2024-11-10', 11, 'confirmed', 'CH006'),
(216, '2024-11-11', 1, 'confirmed', 'CH007'),
(217, '2024-11-12', 2, 'confirmed', 'CH008'),
(218, '2024-11-13', 3, 'confirmed', 'CH009'),
(219, '2024-11-14', 4, 'confirmed', 'CH010'),
(220, '2024-11-15', 5, 'confirmed', 'CH011'),
(221, '2024-11-16', 6, 'confirmed', 'CH001'),
(222, '2024-11-17', 7, 'confirmed', 'CH002'),
(223, '2024-11-18', 8, 'confirmed', 'CH003'),
(224, '2024-11-19', 9, 'confirmed', 'CH004'),
(225, '2024-11-20', 10, 'confirmed', 'CH005'),
(226, '2024-11-21', 11, 'confirmed', 'CH006'),
(227, '2024-11-22', 1, 'confirmed', 'CH007'),
(228, '2024-11-23', 2, 'confirmed', 'CH008'),
(229, '2024-11-24', 3, 'confirmed', 'CH009'),
(230, '2024-11-25', 4, 'confirmed', 'CH010'),
(231, '2024-11-26', 5, 'confirmed', 'CH011'),
(232, '2024-11-27', 6, 'confirmed', 'CH001'),
(233, '2024-11-28', 7, 'confirmed', 'CH002'),
(234, '2024-11-29', 8, 'confirmed', 'CH003'),
(235, '2024-11-30', 9, 'confirmed', 'CH004'),
(236, '2024-12-01', 10, 'confirmed', 'CH005'),
(237, '2024-12-02', 11, 'confirmed', 'CH006'),
(238, '2024-12-03', 1, 'confirmed', 'CH007'),
(239, '2024-12-04', 2, 'confirmed', 'CH008'),
(240, '2024-12-05', 3, 'confirmed', 'CH009'),
(241, '2024-12-06', 4, 'confirmed', 'CH010'),
(242, '2024-12-07', 5, 'confirmed', 'CH011'),
(243, '2024-12-08', 6, 'confirmed', 'CH001'),
(244, '2024-12-09', 7, 'confirmed', 'CH002'),
(245, '2024-12-10', 8, 'confirmed', 'CH003'),
(246, '2024-12-11', 9, 'confirmed', 'CH004'),
(247, '2024-12-12', 10, 'confirmed', 'CH005'),
(248, '2024-12-13', 11, 'confirmed', 'CH006'),
(249, '2024-12-14', 1, 'confirmed', 'CH007'),
(250, '2024-12-15', 2, 'confirmed', 'CH008'),
(251, '2024-12-16', 3, 'confirmed', 'CH009'),
(252, '2024-12-17', 4, 'confirmed', 'CH010'),
(253, '2024-12-18', 5, 'confirmed', 'CH011'),
(254, '2024-12-19', 6, 'confirmed', 'CH001'),
(255, '2024-12-20', 7, 'confirmed', 'CH002'),
(256, '2024-12-21', 8, 'confirmed', 'CH003'),
(257, '2024-12-22', 9, 'confirmed', 'CH004'),
(258, '2024-12-23', 10, 'confirmed', 'CH005'),
(259, '2024-12-24', 11, 'confirmed', 'CH006'),
(260, '2024-12-25', 1, 'confirmed', 'CH007'),
(261, '2024-12-26', 2, 'confirmed', 'CH008'),
(262, '2024-12-27', 3, 'confirmed', 'CH009'),
(263, '2024-12-28', 4, 'confirmed', 'CH010'),
(264, '2024-12-29', 5, 'confirmed', 'CH011'),
(265, '2024-12-30', 6, 'confirmed', 'CH001'),
(266, '2024-12-31', 7, 'confirmed', 'CH002'),
(267, '2025-01-01', 8, 'confirmed', 'CH003'),
(268, '2025-01-02', 9, 'confirmed', 'CH004'),
(269, '2025-01-03', 10, 'confirmed', 'CH005'),
(270, '2025-01-04', 11, 'confirmed', 'CH006'),
(271, '2025-01-05', 1, 'confirmed', 'CH007'),
(272, '2025-01-06', 2, 'confirmed', 'CH008'),
(273, '2025-01-07', 3, 'confirmed', 'CH009'),
(274, '2025-01-08', 4, 'confirmed', 'CH010'),
(275, '2025-01-09', 5, 'confirmed', 'CH011'),
(276, '2025-01-10', 6, 'confirmed', 'CH001'),
(277, '2025-01-11', 7, 'confirmed', 'CH002'),
(278, '2025-01-12', 8, 'confirmed', 'CH003'),
(279, '2025-01-13', 9, 'confirmed', 'CH004'),
(280, '2025-01-14', 10, 'confirmed', 'CH005'),
(281, '2025-01-15', 11, 'confirmed', 'CH006'),
(282, '2025-01-16', 1, 'confirmed', 'CH007'),
(283, '2025-01-17', 2, 'confirmed', 'CH008'),
(284, '2025-01-18', 3, 'confirmed', 'CH009'),
(285, '2025-01-19', 4, 'confirmed', 'CH010'),
(286, '2025-01-20', 5, 'confirmed', 'CH011'),
(287, '2025-01-21', 6, 'confirmed', 'CH001'),
(288, '2025-01-22', 7, 'confirmed', 'CH002'),
(289, '2025-01-23', 8, 'confirmed', 'CH003'),
(290, '2025-01-24', 9, 'confirmed', 'CH004'),
(291, '2025-01-25', 10, 'confirmed', 'CH005'),
(292, '2025-01-26', 11, 'confirmed', 'CH006'),
(293, '2025-01-27', 1, 'confirmed', 'CH007'),
(294, '2025-01-28', 2, 'confirmed', 'CH008'),
(295, '2025-01-29', 3, 'confirmed', 'CH009'),
(296, '2025-01-30', 4, 'confirmed', 'CH010'),
(297, '2025-01-31', 5, 'confirmed', 'CH011'),
(298, '2025-02-01', 6, 'confirmed', 'CH001'),
(299, '2025-02-02', 7, 'confirmed', 'CH002'),
(300, '2025-02-03', 8, 'confirmed', 'CH003'),
(301, '2025-02-04', 9, 'confirmed', 'CH004'),
(302, '2025-02-05', 10, 'confirmed', 'CH005'),
(303, '2025-02-06', 11, 'confirmed', 'CH006'),
(304, '2025-02-07', 1, 'confirmed', 'CH007'),
(305, '2025-02-08', 2, 'confirmed', 'CH008'),
(306, '2025-02-09', 3, 'confirmed', 'CH009'),
(307, '2025-02-10', 4, 'confirmed', 'CH010'),
(308, '2025-02-11', 5, 'confirmed', 'CH011'),
(309, '2025-02-12', 6, 'confirmed', 'CH001'),
(310, '2025-02-13', 7, 'confirmed', 'CH002'),
(311, '2025-02-14', 8, 'confirmed', 'CH003'),
(312, '2025-02-15', 9, 'confirmed', 'CH004'),
(313, '2025-02-16', 10, 'confirmed', 'CH005'),
(314, '2025-02-17', 11, 'confirmed', 'CH006'),
(315, '2025-02-18', 1, 'confirmed', 'CH007'),
(316, '2025-02-19', 2, 'confirmed', 'CH008'),
(317, '2025-02-20', 3, 'confirmed', 'CH009'),
(318, '2025-02-21', 4, 'confirmed', 'CH010'),
(319, '2025-02-22', 5, 'confirmed', 'CH011'),
(320, '2025-02-23', 6, 'confirmed', 'CH001'),
(321, '2025-02-24', 7, 'confirmed', 'CH002'),
(322, '2025-02-25', 8, 'confirmed', 'CH003'),
(323, '2025-02-26', 9, 'confirmed', 'CH004'),
(324, '2025-02-27', 10, 'confirmed', 'CH005'),
(325, '2025-02-28', 11, 'confirmed', 'CH006'),
(326, '2025-03-01', 1, 'confirmed', 'CH007'),
(327, '2025-03-02', 2, 'confirmed', 'CH008'),
(328, '2025-03-03', 3, 'confirmed', 'CH009'),
(329, '2025-03-04', 4, 'confirmed', 'CH010'),
(330, '2025-03-05', 5, 'confirmed', 'CH011'),
(331, '2025-03-06', 6, 'confirmed', 'CH001'),
(332, '2025-03-07', 7, 'confirmed', 'CH002'),
(333, '2025-03-08', 8, 'confirmed', 'CH003'),
(334, '2025-03-09', 9, 'confirmed', 'CH004'),
(335, '2025-03-10', 10, 'confirmed', 'CH005'),
(336, '2025-03-11', 11, 'confirmed', 'CH006'),
(337, '2025-03-12', 1, 'confirmed', 'CH007'),
(338, '2025-03-13', 2, 'confirmed', 'CH008'),
(339, '2025-03-14', 3, 'confirmed', 'CH009'),
(340, '2025-03-15', 4, 'confirmed', 'CH010'),
(341, '2025-03-16', 5, 'confirmed', 'CH011'),
(342, '2025-03-17', 6, 'confirmed', 'CH001'),
(343, '2025-03-18', 7, 'confirmed', 'CH002'),
(344, '2025-03-19', 8, 'confirmed', 'CH003'),
(345, '2025-03-20', 9, 'confirmed', 'CH004'),
(346, '2025-03-21', 10, 'confirmed', 'CH005'),
(347, '2025-03-22', 11, 'confirmed', 'CH006'),
(348, '2025-03-23', 1, 'confirmed', 'CH007'),
(349, '2025-03-24', 2, 'confirmed', 'CH008'),
(350, '2025-03-25', 3, 'confirmed', 'CH009'),
(351, '2025-03-26', 4, 'confirmed', 'CH010'),
(352, '2025-03-27', 5, 'confirmed', 'CH011'),
(353, '2025-03-28', 6, 'confirmed', 'CH001'),
(354, '2025-03-29', 7, 'confirmed', 'CH002'),
(355, '2025-03-30', 8, 'confirmed', 'CH003'),
(356, '2025-03-31', 9, 'confirmed', 'CH004'),
(357, '2025-04-01', 10, 'confirmed', 'CH005'),
(358, '2025-04-02', 11, 'confirmed', 'CH006'),
(359, '2025-04-03', 1, 'confirmed', 'CH007'),
(360, '2025-04-04', 2, 'confirmed', 'CH008'),
(361, '2025-04-05', 3, 'confirmed', 'CH009'),
(362, '2025-04-06', 4, 'confirmed', 'CH010'),
(363, '2025-04-07', 5, 'confirmed', 'CH011'),
(364, '2025-04-08', 6, 'confirmed', 'CH001'),
(365, '2025-04-09', 7, 'confirmed', 'CH002'),
(366, '2025-04-10', 8, 'confirmed', 'CH003');

--
-- Chỉ mục cho các bảng đã đổ
--

--
-- Chỉ mục cho bảng `chitietnhap`
--
ALTER TABLE `chitietnhap`
  ADD PRIMARY KEY (`MaPN`,`MaSP`),
  ADD KEY `MaSP` (`MaSP`);

--
-- Chỉ mục cho bảng `chitietxuat`
--
ALTER TABLE `chitietxuat`
  ADD PRIMARY KEY (`MaPX`,`MaSP`),
  ADD KEY `MaSP` (`MaSP`);

--
-- Chỉ mục cho bảng `cuahang`
--
ALTER TABLE `cuahang`
  ADD PRIMARY KEY (`MaCH`),
  ADD KEY `cuahang_ibfk_1` (`UserID`);

--
-- Chỉ mục cho bảng `ncc`
--
ALTER TABLE `ncc`
  ADD PRIMARY KEY (`MaNCC`);

--
-- Chỉ mục cho bảng `nhanvien`
--
ALTER TABLE `nhanvien`
  ADD PRIMARY KEY (`MaNV`),
  ADD KEY `nhanvien_ibfk_1` (`UserID`),
  ADD KEY `nhanvien_ibfk_2` (`ChucVu`);

--
-- Chỉ mục cho bảng `nhap`
--
ALTER TABLE `nhap`
  ADD PRIMARY KEY (`MaPN`),
  ADD KEY `MaNCC` (`MaNCC`),
  ADD KEY `MaNV` (`MaNV`);

--
-- Chỉ mục cho bảng `sanpham`
--
ALTER TABLE `sanpham`
  ADD PRIMARY KEY (`MaSP`);

--
-- Chỉ mục cho bảng `useraccount`
--
ALTER TABLE `useraccount`
  ADD PRIMARY KEY (`UserID`),
  ADD UNIQUE KEY `UserName` (`UserName`),
  ADD KEY `ChucVu` (`Role`);

--
-- Chỉ mục cho bảng `xuat`
--
ALTER TABLE `xuat`
  ADD PRIMARY KEY (`MaPX`),
  ADD KEY `MaNV` (`MaNV`),
  ADD KEY `xuat_ibfk_2` (`MaCH`);

--
-- Các ràng buộc cho các bảng đã đổ
--

--
-- Các ràng buộc cho bảng `chitietnhap`
--
ALTER TABLE `chitietnhap`
  ADD CONSTRAINT `chitietnhap_ibfk_1` FOREIGN KEY (`MaPN`) REFERENCES `nhap` (`MaPN`) ON DELETE CASCADE,
  ADD CONSTRAINT `chitietnhap_ibfk_2` FOREIGN KEY (`MaSP`) REFERENCES `sanpham` (`MaSP`) ON DELETE CASCADE;

--
-- Các ràng buộc cho bảng `chitietxuat`
--
ALTER TABLE `chitietxuat`
  ADD CONSTRAINT `chitietxuat_ibfk_1` FOREIGN KEY (`MaPX`) REFERENCES `xuat` (`MaPX`) ON DELETE CASCADE,
  ADD CONSTRAINT `chitietxuat_ibfk_2` FOREIGN KEY (`MaSP`) REFERENCES `sanpham` (`MaSP`) ON DELETE CASCADE;
COMMIT;

/*!40101 SET CHARACTER_SET_CLIENT=@OLD_CHARACTER_SET_CLIENT */;
/*!40101 SET CHARACTER_SET_RESULTS=@OLD_CHARACTER_SET_RESULTS */;
/*!40101 SET COLLATION_CONNECTION=@OLD_COLLATION_CONNECTION */;
